{"MasterVoume":0.18793030083179475,"BgmVolume":0.880859911441803,"SfxVolume":0.24941900372505189}