{"MasterVoume":0.13287794589996339,"BgmVolume":0.15406741201877595,"SfxVolume":0.7897503972053528}