{"MasterVoume":0.1896020472049713,"BgmVolume":0.45352014899253847,"SfxVolume":0.6725273132324219}