{"MasterVoume":0.5025486350059509,"BgmVolume":0.9135388135910034,"SfxVolume":0.2970537543296814}