{"MasterVoume":0.28661033511161806,"BgmVolume":0.39835861325263979,"SfxVolume":0.18502098321914674}